{
  "jimmyli" : {
    "transaction" : "jimmyli",
    "sampleCount" : 10926237,
    "errorCount" : 0,
    "errorPct" : 0.0,
    "meanResTime" : 20.41176628330883,
    "medianResTime" : 12.0,
    "minResTime" : 0.0,
    "maxResTime" : 267.0,
    "pct1ResTime" : 35.0,
    "pct2ResTime" : 77.0,
    "pct3ResTime" : 123.0,
    "throughput" : 36389.616228764025,
    "receivedKBytesPerSec" : 5355.789032265484,
    "sentKBytesPerSec" : 5223.8999859651485
  },
  "Total" : {
    "transaction" : "Total",
    "sampleCount" : 10926237,
    "errorCount" : 0,
    "errorPct" : 0.0,
    "meanResTime" : 20.41176628330883,
    "medianResTime" : 12.0,
    "minResTime" : 0.0,
    "maxResTime" : 267.0,
    "pct1ResTime" : 35.0,
    "pct2ResTime" : 77.0,
    "pct3ResTime" : 123.0,
    "throughput" : 36389.616228764025,
    "receivedKBytesPerSec" : 5355.789032265484,
    "sentKBytesPerSec" : 5223.8999859651485
  }
}